ts,rank,running_req,full_token,gen_tok_s
2026-10-02 13:43:48,PP0 TP0,1,4096,0.25
2026-10-02 13:43:49,PP0 TP0,1,4096,29.20
2026-10-02 13:43:51,PP0 TP0,1,4352,27.60
2026-10-02 13:44:12,PP0 TP0,1,32256,1.85
2026-10-02 13:44:14,PP0 TP0,1,32256,27.36
2026-10-02 13:44:15,PP0 TP0,1,32256,27.07
2026-10-02 13:44:41,PP0 TP0,1,4096,1.56
2026-10-02 13:44:42,PP0 TP0,1,4096,28.41
2026-10-02 13:44:44,PP0 TP0,1,4352,27.29
2026-10-02 13:44:47,PP0 TP0,1,16128,12.33
2026-10-02 13:44:48,PP0 TP0,1,16128,26.75
2026-10-02 13:44:50,PP0 TP0,1,16128,26.72
2026-10-02 13:44:53,PP0 TP0,1,32256,14.01
2026-10-02 13:44:54,PP0 TP0,1,32256,25.93
2026-10-02 13:44:56,PP0 TP0,1,32256,25.95
2026-10-02 13:45:21,PP0 TP0,1,8192,1.57
2026-10-02 13:45:23,PP0 TP0,1,8192,28.16
2026-10-02 13:45:24,PP0 TP0,1,8192,27.51
2026-10-02 13:45:26,PP0 TP0,1,8192,27.27
2026-10-02 13:45:27,PP0 TP0,1,8448,27.24
2026-10-02 13:45:29,PP0 TP0,1,8448,27.10
2026-10-02 13:45:30,PP0 TP0,1,8448,27.12
2026-10-02 13:45:32,PP0 TP0,1,8448,26.83
2026-10-02 13:45:33,PP0 TP0,1,8448,27.06
2026-10-02 13:45:34,PP0 TP0,1,8448,27.03
2026-10-02 13:45:37,PP0 TP0,1,32256,14.19
2026-10-02 13:45:39,PP0 TP0,1,32256,26.19
2026-10-02 13:45:40,PP0 TP0,1,32256,26.31
2026-10-02 13:45:42,PP0 TP0,1,32256,26.22
2026-10-02 13:45:43,PP0 TP0,1,32256,26.23
2026-10-02 13:45:45,PP0 TP0,1,32256,26.06
2026-10-02 13:45:46,PP0 TP0,1,32512,25.85
2026-10-02 13:45:48,PP0 TP0,1,32512,25.84
2026-10-02 13:45:50,PP0 TP0,1,32512,25.82
2026-10-02 13:45:51,PP0 TP0,1,32512,25.72
2026-10-02 13:46:24,PP0 TP0,1,65792,1.22
2026-10-02 13:46:26,PP0 TP0,1,65792,24.96
2026-10-02 13:46:27,PP0 TP0,1,65792,24.44
2026-10-02 13:46:29,PP0 TP0,1,65792,24.17
2026-10-02 13:46:31,PP0 TP0,1,65792,24.03
2026-10-02 13:46:32,PP0 TP0,1,65792,23.85
2026-10-02 13:46:34,PP0 TP0,1,66048,23.84
2026-10-02 13:46:36,PP0 TP0,1,66048,23.90
2026-10-02 13:46:37,PP0 TP0,1,66048,23.85
2026-10-02 13:46:39,PP0 TP0,1,66048,23.72
2026-10-02 13:48:10,PP0 TP0,1,131328,0.44
2026-10-02 13:48:12,PP0 TP0,1,131328,21.45
2026-10-02 13:48:14,PP0 TP0,1,131328,21.67
2026-10-02 13:48:16,PP0 TP0,1,131328,21.57
2026-10-02 13:48:18,PP0 TP0,1,131328,21.16
2026-10-02 13:48:20,PP0 TP0,1,131328,21.21
2026-10-02 13:48:21,PP0 TP0,1,131584,21.21
2026-10-02 13:48:23,PP0 TP0,1,131584,21.16
2026-10-02 13:48:25,PP0 TP0,1,131584,21.15
2026-10-02 13:48:27,PP0 TP0,1,131584,21.16
